{"cameraMode":{"drawMode":0,"name":"Shaded","section":"Shading Mode"},"sceneLighting":true,"audioPlay":false,"sceneViewState":{"m_AlwaysRefresh":false,"showFog":true,"showSkybox":true,"showFlares":true,"showImageEffects":true,"showParticleSystems":true,"showVisualEffectGraphs":true,"m_FxEnabled":true},"in2DMode":false,"pivot":{"x":9.033552169799805,"y":0.0822407603263855,"z":0.009482897818088532},"rotation":{"x":0.18600063025951386,"y":-0.6357638239860535,"z":0.1616601198911667,"w":0.7314882278442383},"size":1.6940113306045533,"orthographic":true}