{"cameraMode":{"drawMode":0,"name":"Shaded","section":"Shading Mode"},"sceneLighting":true,"audioPlay":false,"sceneViewState":{"m_AlwaysRefresh":false,"showFog":true,"showSkybox":true,"showFlares":true,"showImageEffects":true,"showParticleSystems":true,"showVisualEffectGraphs":true,"m_FxEnabled":true},"in2DMode":false,"pivot":{"x":10.609990119934082,"y":2.8427541255950929,"z":0.25336721539497378},"rotation":{"x":0.051388297230005267,"y":-0.20230814814567567,"z":0.010631626471877098,"w":0.9779253005981445},"size":0.008367067202925682,"orthographic":false}